Job Title,Link,Location,Employment Type
Application Software Engineer,https://boards.greenhouse.io/spacex/jobs/5782175002?gh_jid=5782175002,"Hawthorne, CA or Redmond, WA",Full-Time
Application Software Engineer II,https://boards.greenhouse.io/spacex/jobs/5611916002?gh_jid=5611916002,"Hawthorne, CA, United States",Full-Time
Software Engineer (Full Stack/Build Tools),https://boards.greenhouse.io/spacex/jobs/5784844002?gh_jid=5784844002,"Hawthorne, CA, United States",Full-Time
Sr. Application Software Engineer,https://boards.greenhouse.io/spacex/jobs/5744532002?gh_jid=5744532002,"Brownsville, TX, United States",Full-Time
Sr. Application Software Engineer,https://boards.greenhouse.io/spacex/jobs/5561522002?gh_jid=5561522002,"Hawthorne, CA or Redmond, WA",Full-Time
Sr. Application Software Engineer (Top Secret Clearance),https://boards.greenhouse.io/spacex/jobs/5741910002?gh_jid=5741910002,"Washington, DC, United States",Full-Time
Sr. Software Engineer (Simulation Software),https://boards.greenhouse.io/spacex/jobs/5611948002?gh_jid=5611948002,"Hawthorne, CA, United States",Full-Time
Sr. Web Developer,https://boards.greenhouse.io/spacex/jobs/5779068002?gh_jid=5779068002,"Hawthorne, CA, United States",Full-Time
 Avionics Systems & Integration Engineer (Starship),https://boards.greenhouse.io/spacex/jobs/5641467002?gh_jid=5641467002,"Brownsville, TX, United States",Full-Time
Build Engineer (Starship Avionics),https://boards.greenhouse.io/spacex/jobs/5432422002?gh_jid=5432422002,"Brownsville, TX, United States",Full-Time
"Digital Electronics Engineer, Life Cycle Engineering ",https://boards.greenhouse.io/spacex/jobs/5670291002?gh_jid=5670291002,"Hawthorne, CA, United States",Full-Time
"Director, Starship Avionics",https://boards.greenhouse.io/spacex/jobs/5563283002?gh_jid=5563283002,"Hawthorne, CA, United States",Full-Time
"Electrical Test Engineer, Avionics",https://boards.greenhouse.io/spacex/jobs/5593152002?gh_jid=5593152002,"Hawthorne, CA, United States",Full-Time
"Electromechanical Technician, Starship Avionics ",https://boards.greenhouse.io/spacex/jobs/5582920002?gh_jid=5582920002,"Hawthorne, CA, United States",Full-Time
Embedded Software Engineer (Avionics),https://boards.greenhouse.io/spacex/jobs/5447125002?gh_jid=5447125002,"Hawthorne, CA, United States",Full-Time
EMI/EMC Engineer,https://boards.greenhouse.io/spacex/jobs/5723750002?gh_jid=5723750002,"Hawthorne, CA, United States",Full-Time
FPGA Engineer (Avionics),https://boards.greenhouse.io/spacex/jobs/5482647002?gh_jid=5482647002,"Hawthorne, CA, United States",Full-Time
Ground Segment Operations Specialist,https://boards.greenhouse.io/spacex/jobs/5700833002?gh_jid=5700833002,"Hawthorne, CA, United States",Full-Time
"Lead Hardware Development Engineer, Starship Avionics ",https://boards.greenhouse.io/spacex/jobs/5649608002?gh_jid=5649608002,"Brownsville, TX, United States",Full-Time
Lead Radiation Effects Engineer,https://boards.greenhouse.io/spacex/jobs/5420932002?gh_jid=5420932002,"Hawthorne, CA, United States",Full-Time
"Manager, Systems Integration Engineering (Starship Avionics)",https://boards.greenhouse.io/spacex/jobs/5550936002?gh_jid=5550936002,"Brownsville, TX, United States",Full-Time
PCB Designer,https://boards.greenhouse.io/spacex/jobs/5813535002?gh_jid=5813535002,"Hawthorne, CA, United States",Full-Time
"Production Manager, Starship Avionics ",https://boards.greenhouse.io/spacex/jobs/5605650002?gh_jid=5605650002,"Brownsville, TX, United States",Full-Time
RF Communications Systems Engineer,https://boards.greenhouse.io/spacex/jobs/5644215002?gh_jid=5644215002,"Hawthorne, CA, United States",Full-Time
RF Signal Processing Engineer,https://boards.greenhouse.io/spacex/jobs/5636574002?gh_jid=5636574002,"Hawthorne, CA, United States",Full-Time
Senior Avionics Systems & Integration Engineer (Starship) ,https://boards.greenhouse.io/spacex/jobs/5645405002?gh_jid=5645405002,"Brownsville, TX, United States",Full-Time
Senior Electrical Design Engineer (Starship),https://boards.greenhouse.io/spacex/jobs/5528946002?gh_jid=5528946002,"Hawthorne, CA, United States",Full-Time
"Sensor Development Engineer, Life Support Systems",https://boards.greenhouse.io/spacex/jobs/5812733002?gh_jid=5812733002,"Hawthorne, CA, United States",Full-Time
Sr. Digital Design Engineer (Starship Avionics),https://boards.greenhouse.io/spacex/jobs/5383603002?gh_jid=5383603002,"Hawthorne, CA, United States",Full-Time
 Sr. Mechanical Engineer (Starship Avionics),https://boards.greenhouse.io/spacex/jobs/5383591002?gh_jid=5383591002,"Brownsville, TX, United States",Full-Time
Sr. Radiation Effects Engineer,https://boards.greenhouse.io/spacex/jobs/5669738002?gh_jid=5669738002,"Hawthorne, CA, United States",Full-Time
Sr. RF Electrical Hardware Design Engineer,https://boards.greenhouse.io/spacex/jobs/5807170002?gh_jid=5807170002,"Hawthorne, CA, United States",Full-Time
Sr. RF Engineer,https://boards.greenhouse.io/spacex/jobs/5807195002?gh_jid=5807195002,"Hawthorne, CA, United States",Full-Time
Build Reliability Engineer,https://boards.greenhouse.io/spacex/jobs/5564624002?gh_jid=5564624002,"Hawthorne, CA, United States",Full-Time
Launch Build Reliability Engineer,https://boards.greenhouse.io/spacex/jobs/5748320002?gh_jid=5748320002,"Cape Canaveral, FL, United States",Full-Time
Launch Quality Inspector - 2nd Shift,https://boards.greenhouse.io/spacex/jobs/5806248002?gh_jid=5806248002,"Cape Canaveral, FL, United States",Full-Time
Launch Quality Inspector - Weekend Day,https://boards.greenhouse.io/spacex/jobs/5805783002?gh_jid=5805783002,"Cape Canaveral, FL, United States",Full-Time
Spring 2022 Associate Engineer - Post Grad,https://boards.greenhouse.io/spacex/jobs/5526727002?gh_jid=5526727002,Flexible - Any SpaceX Site,Intern
Spring 2022 Business Operations Internship/Co-op,https://boards.greenhouse.io/spacex/jobs/5526075002?gh_jid=5526075002,Flexible - Any SpaceX Site,Intern
Spring 2022 Engineering Internship/Co-op,https://boards.greenhouse.io/spacex/jobs/5526332002?gh_jid=5526332002,Flexible - Any SpaceX Site,Intern
Spring 2022 Software Engineering Internship/Co-op,https://boards.greenhouse.io/spacex/jobs/5526324002?gh_jid=5526324002,Flexible - Any SpaceX Site,Intern
Summer 2022 Associate Engineer â€“ Post Grad,https://boards.greenhouse.io/spacex/jobs/5526772002?gh_jid=5526772002,Flexible - Any SpaceX Site,Intern
Summer 2022 Business Operations Internship/Co-op,https://boards.greenhouse.io/spacex/jobs/5526161002?gh_jid=5526161002,Flexible - Any SpaceX Site,Intern
Summer 2022 Engineering Internship/Co-op,https://boards.greenhouse.io/spacex/jobs/5526765002?gh_jid=5526765002,Flexible - Any SpaceX Site,Intern
Summer 2022 Software Engineering Internship/Co-op,https://boards.greenhouse.io/spacex/jobs/5526757002?gh_jid=5526757002,Flexible - Any SpaceX Site,Intern
Environmental Health & Safety Engineer,https://boards.greenhouse.io/spacex/jobs/5748598002?gh_jid=5748598002,"Vandenberg, CA, United States",Full-Time
Environmental Health & Safety Engineer,https://boards.greenhouse.io/spacex/jobs/5656874002?gh_jid=5656874002,"Hawthorne, CA, United States",Full-Time
Environmental Health & Safety Technician,https://boards.greenhouse.io/spacex/jobs/5638271002?gh_jid=5638271002,"Redmond, WA, United States",Full-Time
Facilities Operations Engineer,https://boards.greenhouse.io/spacex/jobs/5800586002?gh_jid=5800586002,"Hawthorne, CA, United States",Full-Time
Facilities Technician,https://boards.greenhouse.io/spacex/jobs/5734587002?gh_jid=5734587002,"Hawthorne, CA, United States",Full-Time
Security Officer 2,https://boards.greenhouse.io/spacex/jobs/5774881002?gh_jid=5774881002,"Hawthorne, CA, United States",Full-Time
Security Officer 2,https://boards.greenhouse.io/spacex/jobs/5778923002?gh_jid=5778923002,"McGregor, TX, United States",Full-Time
Security Officer 2,https://boards.greenhouse.io/spacex/jobs/5774465002?gh_jid=5774465002,"Redmond, WA, United States",Full-Time
Security Officer 3,https://boards.greenhouse.io/spacex/jobs/5769323002?gh_jid=5769323002,"Brownsville, TX, United States",Full-Time
Security Officer 3,https://boards.greenhouse.io/spacex/jobs/5774434002?gh_jid=5774434002,"Redmond, WA, United States",Full-Time
Security Officer 3,https://boards.greenhouse.io/spacex/jobs/5774757002?gh_jid=5774757002,"Hawthorne, CA, United States",Full-Time
Accounts Payable Specialist,https://boards.greenhouse.io/spacex/jobs/5766648002?gh_jid=5766648002,"Hawthorne, CA, United States",Full-Time
"Financial Analyst, FP&A",https://boards.greenhouse.io/spacex/jobs/5767789002?gh_jid=5767789002,"Hawthorne, CA, United States",Full-Time
Sourcing Manager,https://boards.greenhouse.io/spacex/jobs/5752444002?gh_jid=5752444002,"Hawthorne, CA, United States",Full-Time
"Sourcing Manager, Fuel Capital",https://boards.greenhouse.io/spacex/jobs/5813274002?gh_jid=5813274002,Flexible - Any SpaceX Site,Full-Time
"Sourcing Manager, Industrial Supplies",https://boards.greenhouse.io/spacex/jobs/5542727002?gh_jid=5542727002,"Hawthorne, CA, United States",Full-Time
Sourcing Specialist,https://boards.greenhouse.io/spacex/jobs/5803039002?gh_jid=5803039002,"Hawthorne, CA, United States",Full-Time
Sr. Cost Accountant,https://boards.greenhouse.io/spacex/jobs/5768045002?gh_jid=5768045002,"Hawthorne, CA, United States",Full-Time
Sr. Purchasing Analyst,https://boards.greenhouse.io/spacex/jobs/5667614002?gh_jid=5667614002,"Hawthorne, CA, United States",Full-Time
Sr. Purchasing Planner,https://boards.greenhouse.io/spacex/jobs/5782713002?gh_jid=5782713002,"McGregor, TX, United States",Full-Time
Sr. Tax Analyst,https://boards.greenhouse.io/spacex/jobs/5633116002?gh_jid=5633116002,"Hawthorne, CA, United States",Full-Time
Vehicle Cost Analyst,https://boards.greenhouse.io/spacex/jobs/5660590002?gh_jid=5660590002,"Hawthorne, CA, United States",Full-Time
Barista,https://boards.greenhouse.io/spacex/jobs/5748699002?gh_jid=5748699002,"Hawthorne, CA, United States",Full-Time
Cook,https://boards.greenhouse.io/spacex/jobs/5745057002?gh_jid=5745057002,"Hawthorne, CA, United States",Full-Time
Dining Room Attendant - Temporary,https://boards.greenhouse.io/spacex/jobs/5744911002?gh_jid=5744911002,"Hawthorne, CA, United States",Temporary
Food Services Associate - Temporary,https://boards.greenhouse.io/spacex/jobs/5660696002?gh_jid=5660696002,"Hawthorne, CA, United States",Temporary
Food Services Specialist,https://boards.greenhouse.io/spacex/jobs/5743949002?gh_jid=5743949002,"Redmond, WA, United States",Full-Time
Food Services Specialist - Temporary,https://boards.greenhouse.io/spacex/jobs/5733229002?gh_jid=5733229002,"McGregor, TX, United States",Temporary
Line Cook - Temporary,https://boards.greenhouse.io/spacex/jobs/5733235002?gh_jid=5733235002,"Cape Canaveral, FL, United States",Temporary
Porter - Temporary,https://boards.greenhouse.io/spacex/jobs/5757996002?gh_jid=5757996002,"Cape Canaveral, FL, United States",Temporary
Constellation Operations and Automation Engineer,https://boards.greenhouse.io/spacex/jobs/5501053002?gh_jid=5501053002,"Redmond, WA, United States",Full-Time
"GNC Engineer, Collision Avoidance ",https://boards.greenhouse.io/spacex/jobs/5544284002?gh_jid=5544284002,"Redmond, WA, United States",Full-Time
"GNC Engineer, Starlink Dish",https://boards.greenhouse.io/spacex/jobs/5564571002?gh_jid=5564571002,"Hawthorne, CA or Redmond, WA",Full-Time
Modeling & Simulations Engineer (Top Secret Clearance),https://boards.greenhouse.io/spacex/jobs/5504073002?gh_jid=5504073002,"Hawthorne, CA, United States",Full-Time
Compensation Analyst,https://boards.greenhouse.io/spacex/jobs/5782608002?gh_jid=5782608002,"Hawthorne, CA, United States",Full-Time
HRIS Analyst,https://boards.greenhouse.io/spacex/jobs/5771156002?gh_jid=5771156002,"Hawthorne, CA, United States",Full-Time
Human Resources Coordinator,https://boards.greenhouse.io/spacex/jobs/5758490002?gh_jid=5758490002,"McGregor, TX, United States",Full-Time
Human Resources Manager,https://boards.greenhouse.io/spacex/jobs/5674029002?gh_jid=5674029002,"Brownsville, TX, United States",Full-Time
Human Resources Representative/Business Partner,https://boards.greenhouse.io/spacex/jobs/5752404002?gh_jid=5752404002,"Brownsville, TX, United States",Full-Time
Human Resources Representative/Business Partner,https://boards.greenhouse.io/spacex/jobs/5754274002?gh_jid=5754274002,"McGregor, TX, United States",Full-Time
"Human Resources Representative/Business Partner, Engineering",https://boards.greenhouse.io/spacex/jobs/5673203002?gh_jid=5673203002,"Hawthorne, CA, United States",Full-Time
"Human Resources Representative/Business Partner, Production",https://boards.greenhouse.io/spacex/jobs/5803332002?gh_jid=5803332002,"Hawthorne, CA, United States",Full-Time
"Sr. Human Resources Representative/Business Partner, Production",https://boards.greenhouse.io/spacex/jobs/5803325002?gh_jid=5803325002,"Hawthorne, CA, United States",Full-Time
Technical Recruiter,https://boards.greenhouse.io/spacex/jobs/5795137002?gh_jid=5795137002,"Hawthorne, CA, United States",Full-Time
Technical Recruiter,https://boards.greenhouse.io/spacex/jobs/5795060002?gh_jid=5795060002,"Redmond, WA, United States",Full-Time
University Recruiting Coordinator,https://boards.greenhouse.io/spacex/jobs/5527277002?gh_jid=5527277002,"Hawthorne, CA, United States",Full-Time
Communications Security and Compliance Manager,https://boards.greenhouse.io/spacex/jobs/5567251002?gh_jid=5567251002,"Hawthorne, CA, United States",Full-Time
Information Systems Security Manager,https://boards.greenhouse.io/spacex/jobs/5641208002?gh_jid=5641208002,"Hawthorne, CA, United States",Full-Time
"Manager, Detection Infrastructure Engineering",https://boards.greenhouse.io/spacex/jobs/5415518002?gh_jid=5415518002,"Hawthorne, CA, United States",Full-Time
"Manager, Security Engineering",https://boards.greenhouse.io/spacex/jobs/5481191002?gh_jid=5481191002,"Hawthorne, CA, United States",Full-Time
Personnel Security Officer,https://boards.greenhouse.io/spacex/jobs/5732130002?gh_jid=5732130002,"Hawthorne, CA, United States",Full-Time
Product Security Engineer,https://boards.greenhouse.io/spacex/jobs/5545705002?gh_jid=5545705002,"Hawthorne, CA or Redmond, WA",Full-Time
"Program Security Officer, Infrastructure",https://boards.greenhouse.io/spacex/jobs/5508966002?gh_jid=5508966002,"Hawthorne, CA, United States",Full-Time
Security Engineer,https://boards.greenhouse.io/spacex/jobs/5742118002?gh_jid=5742118002,"Brownsville, TX or Hawthorne, CA",Full-Time
"Sr. Manager, Classified Program Security",https://boards.greenhouse.io/spacex/jobs/5733802002?gh_jid=5733802002,"Hawthorne, CA, United States",Full-Time
Sr. Network Security Engineer,https://boards.greenhouse.io/spacex/jobs/5759321002?gh_jid=5759321002,"Hawthorne, CA, United States",Full-Time
"Sr. Program Security Officer, Personnel Security",https://boards.greenhouse.io/spacex/jobs/5732289002?gh_jid=5732289002,"Hawthorne, CA, United States",Full-Time
IT Logistics Technician II,https://boards.greenhouse.io/spacex/jobs/5585149002?gh_jid=5585149002,"Hawthorne, CA, United States",Full-Time
IT Services Analyst,https://boards.greenhouse.io/spacex/jobs/5744497002?gh_jid=5744497002,"McGregor, TX, United States",Full-Time
IT Services Technician II,https://boards.greenhouse.io/spacex/jobs/5767983002?gh_jid=5767983002,"McGregor, TX, United States",Full-Time
IT Systems Administrator,https://boards.greenhouse.io/spacex/jobs/5815066002?gh_jid=5815066002,Flexible - Any SpaceX Site,Full-Time
IT Systems Administrator (Top Secret Clearance),https://boards.greenhouse.io/spacex/jobs/5741924002?gh_jid=5741924002,"Hawthorne, CA or Washington, DC",Full-Time
IT Windows Systems Engineer,https://boards.greenhouse.io/spacex/jobs/5550391002?gh_jid=5550391002,"Cape Canaveral, FL, United States",Full-Time
IT Windows Systems Engineer (Top Secret Clearance),https://boards.greenhouse.io/spacex/jobs/5741918002?gh_jid=5741918002,"Hawthorne, CA or Washington, DC",Full-Time
Sr. Splunk Engineer,https://boards.greenhouse.io/spacex/jobs/5557473002?gh_jid=5557473002,"Hawthorne, CA, United States",Full-Time
Video Systems Developer,https://boards.greenhouse.io/spacex/jobs/5430227002?gh_jid=5430227002,"Hawthorne, CA, United States",Full-Time
"Automation and Controls Engineer, Droneship",https://boards.greenhouse.io/spacex/jobs/5551433002?gh_jid=5551433002,"Cape Canaveral, FL, United States",Full-Time
"Civil Engineer, Land Development",https://boards.greenhouse.io/spacex/jobs/5662527002?gh_jid=5662527002,"Cape Canaveral, FL, United States",Full-Time
Civil/Structural Engineer,https://boards.greenhouse.io/spacex/jobs/5662503002?gh_jid=5662503002,"Cape Canaveral, FL, United States",Full-Time
"Dragon Controller, Launch Operations Engineer",https://boards.greenhouse.io/spacex/jobs/5703871002?gh_jid=5703871002,"Cape Canaveral, FL, United States",Full-Time
"Electrical Engineer, Construction Projects",https://boards.greenhouse.io/spacex/jobs/5438654002?gh_jid=5438654002,"Cape Canaveral, FL, United States",Full-Time
Falcon Recovery Controller,https://boards.greenhouse.io/spacex/jobs/5759250002?gh_jid=5759250002,"Cape Canaveral, FL, United States",Full-Time
Fluid Operations Engineer (Dragon),https://boards.greenhouse.io/spacex/jobs/5519054002?gh_jid=5519054002,"Cape Canaveral, FL, United States",Full-Time
Integration Engineer (Dragon Ground Operations),https://boards.greenhouse.io/spacex/jobs/5736581002?gh_jid=5736581002,"Cape Canaveral, FL, United States",Full-Time
Launch Communications Engineer,https://boards.greenhouse.io/spacex/jobs/5804241002?gh_jid=5804241002,"Cape Canaveral, FL, United States",Full-Time
"Launch Engineer, Fluid Systems (Launch Pads)",https://boards.greenhouse.io/spacex/jobs/5539409002?gh_jid=5539409002,"Cape Canaveral, FL, United States",Full-Time
"Launch Engineer, Fluid Systems (Starship)",https://boards.greenhouse.io/spacex/jobs/5772682002?gh_jid=5772682002,"Cape Canaveral, FL, United States",Full-Time
"Launch Engineer, Mechanical Systems (Launch Pads)",https://boards.greenhouse.io/spacex/jobs/5539301002?gh_jid=5539301002,"Cape Canaveral, FL, United States",Full-Time
"Launch Engineer, Spacecraft Integration (Fairing Ground Systems)",https://boards.greenhouse.io/spacex/jobs/5784057002?gh_jid=5784057002,"Cape Canaveral, FL, United States",Full-Time
"Launch Engineer (Spacecraft Integration, Fairings)",https://boards.greenhouse.io/spacex/jobs/5804246002?gh_jid=5804246002,"Cape Canaveral, FL, United States",Full-Time
"Launch Engineer, Spacecraft Integration (Payloads)",https://boards.greenhouse.io/spacex/jobs/5781366002?gh_jid=5781366002,"Cape Canaveral, FL, United States",Full-Time
"Launch Engineer, Vehicle Refurbishment",https://boards.greenhouse.io/spacex/jobs/5769695002?gh_jid=5769695002,"Vandenberg, CA, United States",Full-Time
"Port Engineer, Marine Operations",https://boards.greenhouse.io/spacex/jobs/5730982002?gh_jid=5730982002,"Cape Canaveral, FL, United States",Full-Time
"Process Planner, Dragon Maintenance",https://boards.greenhouse.io/spacex/jobs/5269182002?gh_jid=5269182002,"Cape Canaveral, FL, United States",Full-Time
Production Control Scheduler (Dragon),https://boards.greenhouse.io/spacex/jobs/5720324002?gh_jid=5720324002,"Cape Canaveral, FL, United States",Full-Time
"Recovery Engineer, US Coast Guard Compliance & Vessel Management",https://boards.greenhouse.io/spacex/jobs/5730271002?gh_jid=5730271002,"Cape Canaveral, FL, United States",Full-Time
Recovery Operations Engineer,https://boards.greenhouse.io/spacex/jobs/5551441002?gh_jid=5551441002,"Cape Canaveral, FL, United States",Full-Time
"Recovery Operations Engineer, Booster Landing Operations",https://boards.greenhouse.io/spacex/jobs/5767318002?gh_jid=5767318002,"Hawthorne, CA, United States",Full-Time
"Recovery Operations Engineer, Booster Landing Operations",https://boards.greenhouse.io/spacex/jobs/5507546002?gh_jid=5507546002,"Cape Canaveral, FL, United States",Full-Time
CNC Machinist,https://boards.greenhouse.io/spacex/jobs/5794679002?gh_jid=5794679002,"Cape Canaveral, FL, United States",Full-Time
Laser Tracker Toolmaker,https://boards.greenhouse.io/spacex/jobs/5794691002?gh_jid=5794691002,"Cape Canaveral, FL, United States",Full-Time
"Launch Integration Technician, Rocket and Refurbishment",https://boards.greenhouse.io/spacex/jobs/5769670002?gh_jid=5769670002,"Vandenberg, CA, United States",Full-Time
Launch Operations Specialist,https://boards.greenhouse.io/spacex/jobs/5731439002?gh_jid=5731439002,"Cape Canaveral, FL, United States",Full-Time
Launch Pad Operator - 3rd shift,https://boards.greenhouse.io/spacex/jobs/5809139002?gh_jid=5809139002,"Cape Canaveral, FL, United States",Full-Time
"Launch Technician, Fabrication (Launch Hardware)",https://boards.greenhouse.io/spacex/jobs/5778187002?gh_jid=5778187002,"Cape Canaveral, FL, United States",Full-Time
"Global Government Affairs Manager, Starlink",https://boards.greenhouse.io/spacex/jobs/5645705002?gh_jid=5645705002,"Washington, DC, United States",Full-Time
Global Satellite Policy Manager,https://boards.greenhouse.io/spacex/jobs/5680092002?gh_jid=5680092002,"Washington, DC, United States",Full-Time
International Spectrum Policy Manager,https://boards.greenhouse.io/spacex/jobs/5626242002?gh_jid=5626242002,"Washington, DC, United States",Full-Time
Regulatory Affairs Manager,https://boards.greenhouse.io/spacex/jobs/5626259002?gh_jid=5626259002,"Washington, DC, United States",Full-Time
Spectrum Affairs Manager,https://boards.greenhouse.io/spacex/jobs/5800596002?gh_jid=5800596002,"Washington, DC, United States",Full-Time
Spectrum Coordination Manager (TS Cleared),https://boards.greenhouse.io/spacex/jobs/5531066002?gh_jid=5531066002,"Hawthorne, CA, United States",Full-Time
"Sr. Manager, Government Affairs, Appropriations",https://boards.greenhouse.io/spacex/jobs/5262544002?gh_jid=5262544002,"Washington, DC, United States",Full-Time
CNC Machinist - 2nd Shift,https://boards.greenhouse.io/spacex/jobs/5490578002?gh_jid=5490578002,"Redmond, WA, United States",Full-Time
CNC Programmer (Starlink),https://boards.greenhouse.io/spacex/jobs/5785621002?gh_jid=5785621002,"Redmond, WA, United States",Full-Time
Equipment Maintenance Technician ,https://boards.greenhouse.io/spacex/jobs/5652951002?gh_jid=5652951002,"Hawthorne, CA, United States",Full-Time
Equipment Reliability Engineer,https://boards.greenhouse.io/spacex/jobs/5657214002?gh_jid=5657214002,"Hawthorne, CA, United States",Full-Time
Maintenance Engineer,https://boards.greenhouse.io/spacex/jobs/5652953002?gh_jid=5652953002,"Hawthorne, CA, United States",Full-Time
Additive Manufacturing Engineer (Raptor),https://boards.greenhouse.io/spacex/jobs/5796641002?gh_jid=5796641002,"Hawthorne, CA, United States",Full-Time
Build Engineer (Avionics/Electronics),https://boards.greenhouse.io/spacex/jobs/5626003002?gh_jid=5626003002,"Hawthorne, CA, United States",Full-Time
Integration and Test Engineer,https://boards.greenhouse.io/spacex/jobs/5683655002?gh_jid=5683655002,"Hawthorne, CA, United States",Full-Time
Integration & Test Engineer (Starlink Production),https://boards.greenhouse.io/spacex/jobs/5483701002?gh_jid=5483701002,"Redmond, WA, United States",Full-Time
"Manufacturing Engineer, 3D Printing (Foundry)",https://boards.greenhouse.io/spacex/jobs/5652957002?gh_jid=5652957002,"Hawthorne, CA, United States",Full-Time
Mechanical Engineer (Starlink Manufacturing Development),https://boards.greenhouse.io/spacex/jobs/5506194002?gh_jid=5506194002,"Redmond, WA, United States",Full-Time
"Propulsion Engineer, Chamber and Nozzle (Raptor)",https://boards.greenhouse.io/spacex/jobs/5781709002?gh_jid=5781709002,"Hawthorne, CA, United States",Full-Time
Sr. Build Engineer (Avionics),https://boards.greenhouse.io/spacex/jobs/5614697002?gh_jid=5614697002,"Hawthorne, CA, United States",Full-Time
Sr. Composites Engineer (Production),https://boards.greenhouse.io/spacex/jobs/5755255002?gh_jid=5755255002,"Hawthorne, CA, United States",Full-Time
Sr. Propulsion Software Engineer (Combustion Modeling),https://boards.greenhouse.io/spacex/jobs/5741045002?gh_jid=5741045002,"Hawthorne, CA, United States",Full-Time
Starlink Build Engineer,https://boards.greenhouse.io/spacex/jobs/5373366002?gh_jid=5373366002,"Hawthorne, CA, United States",Full-Time
Starlink Production Development Engineer,https://boards.greenhouse.io/spacex/jobs/5503525002?gh_jid=5503525002,"Hawthorne, CA, United States",Full-Time
"Build Supervisor, Propulsion (Starship)",https://boards.greenhouse.io/spacex/jobs/5666999002?gh_jid=5666999002,"Brownsville, TX, United States",Full-Time
Production Director (Starship),https://boards.greenhouse.io/spacex/jobs/5642005002?gh_jid=5642005002,"Brownsville, TX, United States",Full-Time
Starlink Production Supervisor,https://boards.greenhouse.io/spacex/jobs/5691470002?gh_jid=5691470002,"Redmond, WA, United States",Full-Time
Starlink Production Supervisor,https://boards.greenhouse.io/spacex/jobs/5787449002?gh_jid=5787449002,"Hawthorne, CA, United States",Full-Time
Sr. Technical Writer (F9 Integration & Test),https://boards.greenhouse.io/spacex/jobs/5313730002?gh_jid=5313730002,"Hawthorne, CA, United States",Full-Time
5-Axis CNC Machinist,https://boards.greenhouse.io/spacex/jobs/5673348002?gh_jid=5673348002,"Hawthorne, CA, United States",Full-Time
Apprentice Starlink Production Technician,https://boards.greenhouse.io/spacex/jobs/5694912002?gh_jid=5694912002,"Redmond, WA, United States",Full-Time
Automation & Controls Technician (Starlink),https://boards.greenhouse.io/spacex/jobs/5392574002?gh_jid=5392574002,"Hawthorne, CA, United States",Full-Time
Avionics Assembly Technician,https://boards.greenhouse.io/spacex/jobs/5655608002?gh_jid=5655608002,"Hawthorne, CA, United States",Full-Time
Avionics Development Technician - 2nd shift,https://boards.greenhouse.io/spacex/jobs/5426699002?gh_jid=5426699002,"Redmond, WA, United States",Full-Time
Avionics Production Supervisor,https://boards.greenhouse.io/spacex/jobs/5599868002?gh_jid=5599868002,"Hawthorne, CA, United States",Full-Time
Avionics Test Technician (Space Simulation Test Lab),https://boards.greenhouse.io/spacex/jobs/5550967002?gh_jid=5550967002,"Hawthorne, CA, United States",Full-Time
CNC Machine Maintenance Technician - 2nd shift,https://boards.greenhouse.io/spacex/jobs/5656817002?gh_jid=5656817002,"Hawthorne, CA, United States",Full-Time
Composites Lamination Technician,https://boards.greenhouse.io/spacex/jobs/5148091002?gh_jid=5148091002,"Hawthorne, CA, United States",Full-Time
Electro-Mechanical Technician (Satellites),https://boards.greenhouse.io/spacex/jobs/5448298002?gh_jid=5448298002,"Hawthorne, CA, United States",Full-Time
Equipment Reliability Engineer,https://boards.greenhouse.io/spacex/jobs/5491136002?gh_jid=5491136002,"Redmond, WA, United States",Full-Time
Industrial Gases Technician,https://boards.greenhouse.io/spacex/jobs/5696520002?gh_jid=5696520002,"Hawthorne, CA, United States",Full-Time
Integration Technician,https://boards.greenhouse.io/spacex/jobs/5691508002?gh_jid=5691508002,"Hawthorne, CA, United States",Full-Time
Integration Technician (Satellites),https://boards.greenhouse.io/spacex/jobs/5460808002?gh_jid=5460808002,"Hawthorne, CA, United States",Full-Time
Lead Structures Technician (Fairing) - 2nd shift,https://boards.greenhouse.io/spacex/jobs/5803018002?gh_jid=5803018002,"Hawthorne, CA, United States",Full-Time
Maintenance Specialist - Machine Automation,https://boards.greenhouse.io/spacex/jobs/5766237002?gh_jid=5766237002,"Hawthorne, CA, United States",Full-Time
Maintenance Technician (Starlink),https://boards.greenhouse.io/spacex/jobs/5634861002?gh_jid=5634861002,"Redmond, WA, United States",Full-Time
Maintenance Technician (Starlink) - 2nd Shift,https://boards.greenhouse.io/spacex/jobs/5725620002?gh_jid=5725620002,"Hawthorne, CA, United States",Full-Time
Manufacturing Specialist (Starlink),https://boards.greenhouse.io/spacex/jobs/5796372002?gh_jid=5796372002,"Hawthorne, CA, United States",Full-Time
Material Transfer Driver - Temporary,https://boards.greenhouse.io/spacex/jobs/5699307002?gh_jid=5699307002,"Brownsville, TX, United States",Temporary
PCBA Technician,https://boards.greenhouse.io/spacex/jobs/5557208002?gh_jid=5557208002,"Hawthorne, CA, United States",Full-Time
Pipe Fitter - Temporary (Night Shift),https://boards.greenhouse.io/spacex/jobs/5537201002?gh_jid=5537201002,"Brownsville, TX, United States",Temporary
Pipe Welder - Temporary (Night Shift),https://boards.greenhouse.io/spacex/jobs/5537272002?gh_jid=5537272002,"Brownsville, TX, United States",Temporary
Press Brake Operator (Starship) - Temporary,https://boards.greenhouse.io/spacex/jobs/5427157002?gh_jid=5427157002,"Hawthorne, CA, United States",Temporary
Production Coordinator (Dragon Spacecraft),https://boards.greenhouse.io/spacex/jobs/5503102002?gh_jid=5503102002,"Hawthorne, CA, United States",Full-Time
Production Coordinator (Starship Thermal Hardware),https://boards.greenhouse.io/spacex/jobs/5693206002?gh_jid=5693206002,"Brownsville, TX, United States",Full-Time
Propulsion Technician (Starship Actuators),https://boards.greenhouse.io/spacex/jobs/5561670002?gh_jid=5561670002,"Hawthorne, CA, United States",Full-Time
Quality Inspector,https://boards.greenhouse.io/spacex/jobs/5683773002?gh_jid=5683773002,"Hawthorne, CA, United States",Full-Time
Quality Inspector - 2nd Shift,https://boards.greenhouse.io/spacex/jobs/5490604002?gh_jid=5490604002,"Redmond, WA, United States",Full-Time
Soft Goods Technician,https://boards.greenhouse.io/spacex/jobs/5696583002?gh_jid=5696583002,"Hawthorne, CA, United States",Full-Time
Solder Electromechanical Technician (Starlink),https://boards.greenhouse.io/spacex/jobs/5394472002?gh_jid=5394472002,"Hawthorne, CA, United States",Full-Time
Starlink Assembler,https://boards.greenhouse.io/spacex/jobs/5796582002?gh_jid=5796582002,"Hawthorne, CA, United States",Full-Time
Starlink Production Associate,https://boards.greenhouse.io/spacex/jobs/5796562002?gh_jid=5796562002,"Hawthorne, CA, United States",Full-Time
Starlink Production Technician,https://boards.greenhouse.io/spacex/jobs/5768348002?gh_jid=5768348002,"Redmond, WA, United States",Full-Time
Structures Technician,https://boards.greenhouse.io/spacex/jobs/5691480002?gh_jid=5691480002,"Hawthorne, CA, United States",Full-Time
Test Technician,https://boards.greenhouse.io/spacex/jobs/5557451002?gh_jid=5557451002,"Hawthorne, CA, United States",Full-Time
Test Technician (Dragon Spacecraft),https://boards.greenhouse.io/spacex/jobs/5788522002?gh_jid=5788522002,"Hawthorne, CA, United States",Full-Time
Test Technician (Starlink Production),https://boards.greenhouse.io/spacex/jobs/5763734002?gh_jid=5763734002,"Redmond, WA, United States",Full-Time
Thermal Protection Technician,https://boards.greenhouse.io/spacex/jobs/5563270002?gh_jid=5563270002,"Hawthorne, CA, United States",Full-Time
Tooling Maintenance Technician,https://boards.greenhouse.io/spacex/jobs/5657226002?gh_jid=5657226002,"Hawthorne, CA, United States",Full-Time
Water Jet Operator - 2nd Shift,https://boards.greenhouse.io/spacex/jobs/5735025002?gh_jid=5735025002,"Redmond, WA, United States",Full-Time
Automation & Controls Engineer (Materials Engineering),https://boards.greenhouse.io/spacex/jobs/5421526002?gh_jid=5421526002,"Hawthorne, CA, United States",Full-Time
Automation & Controls Specialist - Night shift,https://boards.greenhouse.io/spacex/jobs/5794698002?gh_jid=5794698002,"Cape Canaveral, FL, United States",Full-Time
Heat Shield Technician (Starship) - Night shift,https://boards.greenhouse.io/spacex/jobs/5781401002?gh_jid=5781401002,"Cape Canaveral, FL, United States",Full-Time
"Materials Engineer, Metals",https://boards.greenhouse.io/spacex/jobs/5540008002?gh_jid=5540008002,"Hawthorne, CA, United States",Full-Time
"Materials Engineer, Special Processes & Polymers",https://boards.greenhouse.io/spacex/jobs/5539904002?gh_jid=5539904002,"Hawthorne, CA, United States",Full-Time
"Materials Engineer, Starship Materials (HLS)",https://boards.greenhouse.io/spacex/jobs/5549709002?gh_jid=5549709002,"Hawthorne, CA, United States",Full-Time
Process Development Engineer (Thermal Hardware),https://boards.greenhouse.io/spacex/jobs/5736749002?gh_jid=5736749002,"Cape Canaveral, FL, United States",Full-Time
"Process Specialist, Automation",https://boards.greenhouse.io/spacex/jobs/5674281002?gh_jid=5674281002,"Hawthorne, CA, United States",Full-Time
"Process Specialist, High Pressure Die Casting",https://boards.greenhouse.io/spacex/jobs/5476144002?gh_jid=5476144002,"Hawthorne, CA, United States",Full-Time
"Process Specialist, Plastic Injection Molding",https://boards.greenhouse.io/spacex/jobs/5651355002?gh_jid=5651355002,"Hawthorne, CA, United States",Full-Time
"Process Technician, High Pressure Die Casting",https://boards.greenhouse.io/spacex/jobs/5674082002?gh_jid=5674082002,"Hawthorne, CA, United States",Full-Time
"Process Technician, Plastic Injection Molding",https://boards.greenhouse.io/spacex/jobs/5671986002?gh_jid=5671986002,"Hawthorne, CA, United States",Full-Time
"Production Supervisor, Injection Molding",https://boards.greenhouse.io/spacex/jobs/5459927002?gh_jid=5459927002,"Hawthorne, CA, United States",Full-Time
Sr. Materials Engineer (Avionics),https://boards.greenhouse.io/spacex/jobs/5680769002?gh_jid=5680769002,"Hawthorne, CA, United States",Full-Time
"Sr. Materials Process Engineer, Plastic Injection Molding",https://boards.greenhouse.io/spacex/jobs/5746851002?gh_jid=5746851002,"Hawthorne, CA, United States",Full-Time
"Sr. Process Engineer, High Pressure Die Casting",https://boards.greenhouse.io/spacex/jobs/5476357002?gh_jid=5476357002,"Hawthorne, CA, United States",Full-Time
Tool and Die Technician,https://boards.greenhouse.io/spacex/jobs/5751611002?gh_jid=5751611002,"Hawthorne, CA, United States",Full-Time
Tool & Die Engineer,https://boards.greenhouse.io/spacex/jobs/5778197002?gh_jid=5778197002,"Hawthorne, CA, United States",Full-Time
Welding Engineer,https://boards.greenhouse.io/spacex/jobs/5494407002?gh_jid=5494407002,"Hawthorne, CA, United States",Full-Time
"Mission Integration Engineer, Vandenberg",https://boards.greenhouse.io/spacex/jobs/5588070002?gh_jid=5588070002,"Vandenberg, CA, United States",Full-Time
"Mission Manager, Cape Canaveral",https://boards.greenhouse.io/spacex/jobs/5723158002?gh_jid=5723158002,"Cape Canaveral, FL, United States",Full-Time
"Mission Manager, Rideshare",https://boards.greenhouse.io/spacex/jobs/5615840002?gh_jid=5615840002,"Hawthorne, CA, United States",Full-Time
"Principal Engineer, Mission Systems Integration",https://boards.greenhouse.io/spacex/jobs/5291768002?gh_jid=5291768002,"Hawthorne, CA or Washington, DC",Full-Time
Certified Weld Inspector (CWI) (Starship),https://boards.greenhouse.io/spacex/jobs/5585433002?gh_jid=5585433002,"Brownsville, TX, United States",Full-Time
"NDE Level II Inspector, Digital Radiographic Inspection (DR) - 2nd Shift",https://boards.greenhouse.io/spacex/jobs/5574640002?gh_jid=5574640002,"Hawthorne, CA, United States",Full-Time
"NDE Level II Inspector, Digital Radiographic Inspection (DR) (Starship)",https://boards.greenhouse.io/spacex/jobs/5584500002?gh_jid=5584500002,"Brownsville, TX, United States",Full-Time
"NDE Level II Inspector, Eddy Current Inspection (ET) - 2nd shift",https://boards.greenhouse.io/spacex/jobs/5564665002?gh_jid=5564665002,"Hawthorne, CA, United States",Full-Time
"NDE Level II Inspector, Phased Array Ultrasonic Inspection (PAUT) (Starship)",https://boards.greenhouse.io/spacex/jobs/5567971002?gh_jid=5567971002,"Brownsville, TX, United States",Full-Time
"NDE Level II Inspector, Ultrasonic Inspection (UT) (Composites)",https://boards.greenhouse.io/spacex/jobs/5751375002?gh_jid=5751375002,"Hawthorne, CA, United States",Full-Time
NDE Level III Specialist - Eddy Current (ET) (NDE Engineering),https://boards.greenhouse.io/spacex/jobs/5598688002?gh_jid=5598688002,"Brownsville, TX, United States",Full-Time
"Supervisor, Non-Destructive Evaluation Operations (Starship) -  Night Shift",https://boards.greenhouse.io/spacex/jobs/5629674002?gh_jid=5629674002,"Brownsville, TX, United States",Full-Time
"Harness Design Engineer, Components Test",https://boards.greenhouse.io/spacex/jobs/5735439002?gh_jid=5735439002,"Hawthorne, CA, United States",Full-Time
Propulsion Development Engineer (Raptor),https://boards.greenhouse.io/spacex/jobs/5720296002?gh_jid=5720296002,"Hawthorne, CA, United States",Full-Time
"Turbomachinery Engineer, Aerodynamics & Hydrodynamics",https://boards.greenhouse.io/spacex/jobs/5627180002?gh_jid=5627180002,"Hawthorne, CA, United States",Full-Time
Automation & Controls Engineer,https://boards.greenhouse.io/spacex/jobs/5785651002?gh_jid=5785651002,"Redmond, WA, United States",Full-Time
Avionics Hardware Development Engineer (Satellite R&D),https://boards.greenhouse.io/spacex/jobs/5644118002?gh_jid=5644118002,"Hawthorne, CA, United States",Full-Time
Development Test Engineer (Starlink),https://boards.greenhouse.io/spacex/jobs/5748778002?gh_jid=5748778002,"Redmond, WA, United States",Full-Time
Electrical Test Engineer (Satellites),https://boards.greenhouse.io/spacex/jobs/5436539002?gh_jid=5436539002,"Hawthorne, CA, United States",Full-Time
"Field Engineer, Gateway Ground Systems",https://boards.greenhouse.io/spacex/jobs/5644354002?gh_jid=5644354002,"Hawthorne, CA, United States",Full-Time
Gateway Site Development Engineer,https://boards.greenhouse.io/spacex/jobs/5807141002?gh_jid=5807141002,"Hawthorne, CA, United States",Full-Time
Global Gateway Site Analyst,https://boards.greenhouse.io/spacex/jobs/5550918002?gh_jid=5550918002,"Hawthorne, CA, United States",Full-Time
Integration & Test Engineer (Satellites),https://boards.greenhouse.io/spacex/jobs/5460849002?gh_jid=5460849002,"Hawthorne, CA, United States",Full-Time
"Manufacturing Engineer, Solar (Starlink)",https://boards.greenhouse.io/spacex/jobs/5713426002?gh_jid=5713426002,"Redmond, WA, United States",Full-Time
Mechanical Engineer (Starlink Payload Engineering),https://boards.greenhouse.io/spacex/jobs/5571121002?gh_jid=5571121002,"Redmond, WA, United States",Full-Time
Operations Software Engineer - Satellite R&D,https://boards.greenhouse.io/spacex/jobs/5499074002?gh_jid=5499074002,"Hawthorne, CA, United States",Full-Time
Principal Network Architect - Top Secret,https://boards.greenhouse.io/spacex/jobs/5726417002?gh_jid=5726417002,"Hawthorne, CA, United States",Full-Time
Principal Network Engineer (Satellites),https://boards.greenhouse.io/spacex/jobs/5116986002?gh_jid=5116986002,"Hawthorne, CA, United States",Full-Time
Principal Satellite Engineer,https://boards.greenhouse.io/spacex/jobs/5450195002?gh_jid=5450195002,"Hawthorne, CA, United States",Full-Time
Principal Software Engineer (Spacecraft Engineering),https://boards.greenhouse.io/spacex/jobs/5765233002?gh_jid=5765233002,"Hawthorne, CA, United States",Full-Time
RF Engineer (Satellites R&D),https://boards.greenhouse.io/spacex/jobs/5678462002?gh_jid=5678462002,"Hawthorne, CA, United States",Full-Time
RF Systems Engineer (Satellites R&D),https://boards.greenhouse.io/spacex/jobs/5678485002?gh_jid=5678485002,"Hawthorne, CA, United States",Full-Time
Satellite Build Engineer (Avionics),https://boards.greenhouse.io/spacex/jobs/5617846002?gh_jid=5617846002,"Hawthorne, CA, United States",Full-Time
Satellite Build Engineer (Mechanical),https://boards.greenhouse.io/spacex/jobs/5641971002?gh_jid=5641971002,"Hawthorne, CA, United States",Full-Time
Satellite Product Lead,https://boards.greenhouse.io/spacex/jobs/5641165002?gh_jid=5641165002,"Hawthorne, CA, United States",Full-Time
Satellite Systems Engineer - Operations & Automation (Satellite R&D),https://boards.greenhouse.io/spacex/jobs/5499123002?gh_jid=5499123002,"Hawthorne, CA, United States",Full-Time
Senior Avionics Hardware Development Engineer (Satellite R&D),https://boards.greenhouse.io/spacex/jobs/5678208002?gh_jid=5678208002,"Hawthorne, CA, United States",Full-Time
Senior RF Engineer (Satellites R&D),https://boards.greenhouse.io/spacex/jobs/5678465002?gh_jid=5678465002,"Hawthorne, CA, United States",Full-Time
"Simulation Engineer, Gateway Ground Stations",https://boards.greenhouse.io/spacex/jobs/5644403002?gh_jid=5644403002,"Hawthorne, CA, United States",Full-Time
SMT Technician,https://boards.greenhouse.io/spacex/jobs/5556372002?gh_jid=5556372002,"Redmond, WA, United States",Full-Time
Software Engineer (Satellite Network),https://boards.greenhouse.io/spacex/jobs/5430748002?gh_jid=5430748002,"Hawthorne, CA, United States",Full-Time
Sr. Mechanical Engineer (Starlink Payload Engineering),https://boards.greenhouse.io/spacex/jobs/5571140002?gh_jid=5571140002,"Redmond, WA, United States",Full-Time
"Sr. Networking Engineer, Satellites",https://boards.greenhouse.io/spacex/jobs/5267882002?gh_jid=5267882002,"Hawthorne, CA, United States",Full-Time
Sr. Software Engineer (Satellite Network),https://boards.greenhouse.io/spacex/jobs/5424448002?gh_jid=5424448002,"Hawthorne, CA, United States",Full-Time
Systems Integration & Test Engineer (Satellites),https://boards.greenhouse.io/spacex/jobs/5694572002?gh_jid=5694572002,"Hawthorne, CA, United States",Full-Time
Systems Integration & Test Engineer (Spacecraft) - Top Secret Clearance,https://boards.greenhouse.io/spacex/jobs/5694551002?gh_jid=5694551002,"Hawthorne, CA, United States",Full-Time
Test Software Engineer (Satellites),https://boards.greenhouse.io/spacex/jobs/5436542002?gh_jid=5436542002,"Hawthorne, CA, United States",Full-Time
FPGA Engineer (Spacecraft Engineering),https://boards.greenhouse.io/spacex/jobs/5500937002?gh_jid=5500937002,"Hawthorne, CA, United States",Full-Time
Software Engineer (Combustion Modeling),https://boards.greenhouse.io/spacex/jobs/5796652002?gh_jid=5796652002,"Hawthorne, CA, United States",Full-Time
"Software Engineer, Frontend (Starship)",https://boards.greenhouse.io/spacex/jobs/5713543002?gh_jid=5713543002,"Hawthorne, CA, United States",Full-Time
"Software Engineer, New Graduate ",https://boards.greenhouse.io/spacex/jobs/5479547002?gh_jid=5479547002,Flexible - Any SpaceX Site,Full-Time
Software Engineer (Spacecraft Engineering) ,https://boards.greenhouse.io/spacex/jobs/5402585002?gh_jid=5402585002,"Hawthorne, CA, United States",Full-Time
Software Engineer (Supply Chain Technology),https://boards.greenhouse.io/spacex/jobs/5684265002?gh_jid=5684265002,"Hawthorne, CA, United States",Full-Time
Sr. DevOps Engineer (Spacecraft Engineering),https://boards.greenhouse.io/spacex/jobs/5649680002?gh_jid=5649680002,"Hawthorne, CA, United States",Full-Time
Sr. FPGA Engineer (Spacecraft Software),https://boards.greenhouse.io/spacex/jobs/5720997002?gh_jid=5720997002,"Hawthorne, CA, United States",Full-Time
Sr. Site Reliability Engineer (Spacecraft Engineering),https://boards.greenhouse.io/spacex/jobs/5752776002?gh_jid=5752776002,"Hawthorne, CA, United States",Full-Time
"Sr. Software Engineer, C++",https://boards.greenhouse.io/spacex/jobs/5649676002?gh_jid=5649676002,"Hawthorne, CA, United States",Full-Time
"Sr. Software Engineer, Corporate Operations",https://boards.greenhouse.io/spacex/jobs/5660584002?gh_jid=5660584002,"Hawthorne, CA, United States",Full-Time
"Sr. Software Engineer, Frontend (Starship)",https://boards.greenhouse.io/spacex/jobs/5713536002?gh_jid=5713536002,"Brownsville, TX or Hawthorne, CA",Full-Time
Sr. Software Engineer (Spacecraft Engineering) - Top Secret Clearance,https://boards.greenhouse.io/spacex/jobs/5402548002?gh_jid=5402548002,"Hawthorne, CA, United States",Full-Time
Sr. Software Engineer (Starlink),https://boards.greenhouse.io/spacex/jobs/5604792002?gh_jid=5604792002,"Mountain View, CA or Redmond, WA",Full-Time
Space Operations Flight Surgeon,https://boards.greenhouse.io/spacex/jobs/5707478002?gh_jid=5707478002,"Hawthorne, CA, United States",Full-Time
Space Operations Medical Administrator,https://boards.greenhouse.io/spacex/jobs/5629567002?gh_jid=5629567002,"Cape Canaveral, FL, United States",Full-Time
Business Analyst (Starlink),https://boards.greenhouse.io/spacex/jobs/5787462002?gh_jid=5787462002,"Hawthorne, CA, United States",Full-Time
"Customer Support Associate, Bilingual/Central European Languages (Starlink) - Temporary/Remote",https://boards.greenhouse.io/spacex/jobs/5743908002?gh_jid=5743908002,"Remote - Los Angeles, CA",Temporary
"Customer Support Associate, Bilingual Czech (Starlink)",https://boards.greenhouse.io/spacex/jobs/5526367002?gh_jid=5526367002,"Hawthorne, CA, United States",Full-Time
"Customer Support Associate, Bilingual/Greek (Starlink) - Temporary/Remote",https://boards.greenhouse.io/spacex/jobs/5743939002?gh_jid=5743939002,"Remote - Los Angeles, CA",Temporary
"Customer Support Associate, Bilingual/Portuguese (Starlink) - Temporary/Remote",https://boards.greenhouse.io/spacex/jobs/5743932002?gh_jid=5743932002,"Remote - Los Angeles, CA",Temporary
"Customer Support Associate, Bilingual/Swedish (Starlink) - Temporary/Remote",https://boards.greenhouse.io/spacex/jobs/5743922002?gh_jid=5743922002,"Remote - Los Angeles, CA",Temporary
Customer Support Associate (Starlink),https://boards.greenhouse.io/spacex/jobs/5766383002?gh_jid=5766383002,"Hawthorne, CA, United States",Full-Time
Customer Support Associate (Starlink) - Weekend 2nd shift,https://boards.greenhouse.io/spacex/jobs/5579702002?gh_jid=5579702002,"Hawthorne, CA, United States",Full-Time
"Operations Engineer, Starlink Enterprise",https://boards.greenhouse.io/spacex/jobs/5550116002?gh_jid=5550116002,"Redmond, WA, United States",Full-Time
"Product Manager, Starlink Enterprise Solutions",https://boards.greenhouse.io/spacex/jobs/5765699002?gh_jid=5765699002,"Redmond, WA, United States",Full-Time
Sales Engineering Manager,https://boards.greenhouse.io/spacex/jobs/5704028002?gh_jid=5704028002,"Mountain View, CA, United States",Full-Time
Antenna Engineer (Starlink),https://boards.greenhouse.io/spacex/jobs/5782669002?gh_jid=5782669002,"Redmond, WA, United States",Full-Time
ASIC Design Engineer (Starlink),https://boards.greenhouse.io/spacex/jobs/5734808002?gh_jid=5734808002,"Irvine, CA, United States",Full-Time
ASIC Design Engineer (Starlink),https://boards.greenhouse.io/spacex/jobs/5734936002?gh_jid=5734936002,"Redmond, WA, United States",Full-Time
Broadband Communications Integration Engineer (Starlink),https://boards.greenhouse.io/spacex/jobs/5663486002?gh_jid=5663486002,"Redmond, WA, United States",Full-Time
Design Verification Engineer (Starlink),https://boards.greenhouse.io/spacex/jobs/5684843002?gh_jid=5684843002,"Irvine, CA, United States",Full-Time
Design Verification Engineer (Starlink),https://boards.greenhouse.io/spacex/jobs/5684851002?gh_jid=5684851002,"Redmond, WA, United States",Full-Time
Electrical Embedded Hardware Engineer,https://boards.greenhouse.io/spacex/jobs/5702804002?gh_jid=5702804002,"Mountain View, CA, United States",Full-Time
Electrical Test Engineer (Starlink),https://boards.greenhouse.io/spacex/jobs/5630818002?gh_jid=5630818002,"Redmond, WA, United States",Full-Time
FPGA Engineer (Starlink),https://boards.greenhouse.io/spacex/jobs/5700357002?gh_jid=5700357002,"Redmond, WA, United States",Full-Time
FPGA Engineer (Starlink),https://boards.greenhouse.io/spacex/jobs/5700293002?gh_jid=5700293002,"Irvine, CA, United States",Full-Time
Hardware Development Electrical Engineer,https://boards.greenhouse.io/spacex/jobs/5748777002?gh_jid=5748777002,"Redmond, WA, United States",Full-Time
"Hardware Development Electrical Engineer, Failure Analysis (Starlink)",https://boards.greenhouse.io/spacex/jobs/5694894002?gh_jid=5694894002,"Redmond, WA, United States",Full-Time
"Hardware Development Electrical Engineer, Payload (Starlink)",https://boards.greenhouse.io/spacex/jobs/5748847002?gh_jid=5748847002,"Redmond, WA, United States",Full-Time
"Hardware Development Engineer, Component Engineering",https://boards.greenhouse.io/spacex/jobs/5507226002?gh_jid=5507226002,"Redmond, WA, United States",Full-Time
Hardware Test Engineer (Starlink Production),https://boards.greenhouse.io/spacex/jobs/5767691002?gh_jid=5767691002,"Mountain View, CA, United States",Full-Time
Hardware Test Technician (Starlink),https://boards.greenhouse.io/spacex/jobs/5507212002?gh_jid=5507212002,"Redmond, WA, United States",Full-Time
Harness Design Engineer (Starlink),https://boards.greenhouse.io/spacex/jobs/5809392002?gh_jid=5809392002,"Redmond, WA, United States",Full-Time
Laser Communications Engineer (Starlink),https://boards.greenhouse.io/spacex/jobs/5659685002?gh_jid=5659685002,"Redmond, WA, United States",Full-Time
"Manufacturing Engineer, Optics/Laser Communications (Starlink)",https://boards.greenhouse.io/spacex/jobs/5507199002?gh_jid=5507199002,"Redmond, WA, United States",Full-Time
"Mechanical Engineer, Batteries",https://boards.greenhouse.io/spacex/jobs/5519048002?gh_jid=5519048002,"Redmond, WA, United States",Full-Time
Mechanical Engineer (Starlink),https://boards.greenhouse.io/spacex/jobs/5537895002?gh_jid=5537895002,"Redmond, WA, United States",Full-Time
"Optical Engineer, Development and Test (Starlink)",https://boards.greenhouse.io/spacex/jobs/5776053002?gh_jid=5776053002,"Redmond, WA, United States",Full-Time
Optical Network Engineer (Starlink),https://boards.greenhouse.io/spacex/jobs/5550263002?gh_jid=5550263002,"Redmond, WA, United States",Full-Time
PCB Designer (Starlink Product),https://boards.greenhouse.io/spacex/jobs/5686338002?gh_jid=5686338002,"Hawthorne, CA or Redmond, WA",Full-Time
Principal RF Design Engineer (Starlink),https://boards.greenhouse.io/spacex/jobs/5697670002?gh_jid=5697670002,"Redmond, WA, United States",Full-Time
"Production Development Engineer, Software",https://boards.greenhouse.io/spacex/jobs/5649670002?gh_jid=5649670002,"Redmond, WA, United States",Full-Time
RF Engineer (Starlink),https://boards.greenhouse.io/spacex/jobs/5501032002?gh_jid=5501032002,"Redmond, WA, United States",Full-Time
RFIC Engineer,https://boards.greenhouse.io/spacex/jobs/5686336002?gh_jid=5686336002,"Redmond, WA, United States",Full-Time
RF/Microwave Engineer,https://boards.greenhouse.io/spacex/jobs/5686331002?gh_jid=5686331002,"Redmond, WA, United States",Full-Time
"RF/Microwave Engineer, Payload (Starlink)",https://boards.greenhouse.io/spacex/jobs/5537893002?gh_jid=5537893002,"Redmond, WA, United States",Full-Time
"RF Software Engineer, Phased Array Test",https://boards.greenhouse.io/spacex/jobs/5775827002?gh_jid=5775827002,"Redmond, WA, United States",Full-Time
RF Test Engineer (Starlink),https://boards.greenhouse.io/spacex/jobs/5473203002?gh_jid=5473203002,"Redmond, WA, United States",Full-Time
"Software Engineer, Factory Automation (Starlink)",https://boards.greenhouse.io/spacex/jobs/5776107002?gh_jid=5776107002,"Redmond, WA, United States",Full-Time
Software Engineer (RF Test),https://boards.greenhouse.io/spacex/jobs/5776085002?gh_jid=5776085002,"Redmond, WA, United States",Full-Time
"Software Engineer, Space Lasers (Starlink)",https://boards.greenhouse.io/spacex/jobs/5807190002?gh_jid=5807190002,"Redmond, WA, United States",Full-Time
Sr. Antenna Engineer,https://boards.greenhouse.io/spacex/jobs/5782667002?gh_jid=5782667002,"Redmond, WA, United States",Full-Time
Sr. ASIC/FPGA Engineer (Starlink),https://boards.greenhouse.io/spacex/jobs/5527377002?gh_jid=5527377002,"Redmond, WA, United States",Full-Time
Sr. ASIC/FPGA Engineer (Starlink),https://boards.greenhouse.io/spacex/jobs/5519264002?gh_jid=5519264002,"Irvine, CA, United States",Full-Time
Sr. ASIC/FPGA Verification Engineer (Starlink),https://boards.greenhouse.io/spacex/jobs/5748506002?gh_jid=5748506002,"Irvine, CA, United States",Full-Time
Sr. Design Verification Engineer,https://boards.greenhouse.io/spacex/jobs/5701011002?gh_jid=5701011002,"Irvine, CA, United States",Full-Time
Sr. Design Verification Engineer,https://boards.greenhouse.io/spacex/jobs/5701021002?gh_jid=5701021002,"Redmond, WA, United States",Full-Time
Sr. Full Chip Physical Design Engineer,https://boards.greenhouse.io/spacex/jobs/5802975002?gh_jid=5802975002,"Redmond, WA, United States",Full-Time
Sr. Full Chip Physical Design Engineer (Starlink),https://boards.greenhouse.io/spacex/jobs/5802672002?gh_jid=5802672002,"Irvine, CA, United States",Full-Time
Sr. Optical Production Development Engineer (Starlink),https://boards.greenhouse.io/spacex/jobs/5659696002?gh_jid=5659696002,"Redmond, WA, United States",Full-Time
Sr. RFIC Engineer,https://boards.greenhouse.io/spacex/jobs/5686323002?gh_jid=5686323002,"Redmond, WA, United States",Full-Time
Sr. RFIC Engineer (Starlink),https://boards.greenhouse.io/spacex/jobs/5798058002?gh_jid=5798058002,"Irvine, CA, United States",Full-Time
Sr. RF/Microwave Engineer,https://boards.greenhouse.io/spacex/jobs/5686327002?gh_jid=5686327002,"Redmond, WA, United States",Full-Time
Sr. SOC Back-End STA Engineer (Starlink),https://boards.greenhouse.io/spacex/jobs/5806624002?gh_jid=5806624002,"Redmond, WA, United States",Full-Time
Sr. SOC Back-End STA Engineer (Starlink),https://boards.greenhouse.io/spacex/jobs/5803262002?gh_jid=5803262002,"Irvine, CA, United States",Full-Time
Sr. SOC DFT Design Engineer (Starlink),https://boards.greenhouse.io/spacex/jobs/5800287002?gh_jid=5800287002,"Redmond, WA, United States",Full-Time
Sr. SOC DFT Design Engineer (Starlink),https://boards.greenhouse.io/spacex/jobs/5800048002?gh_jid=5800048002,"Irvine, CA, United States",Full-Time
Sr. SOC Physical Design Engineer (Starlink),https://boards.greenhouse.io/spacex/jobs/5797939002?gh_jid=5797939002,"Irvine, CA, United States",Full-Time
Sr. SOC Physical Design Engineer (Starlink),https://boards.greenhouse.io/spacex/jobs/5800319002?gh_jid=5800319002,"Redmond, WA, United States",Full-Time
Sr. SOC Physical & Electrical Verification Engineer (Starlink),https://boards.greenhouse.io/spacex/jobs/5806879002?gh_jid=5806879002,"Irvine, CA, United States",Full-Time
Sr. SOC Physical & Electrical Verification Engineer (Starlink),https://boards.greenhouse.io/spacex/jobs/5806918002?gh_jid=5806918002,"Redmond, WA, United States",Full-Time
Sr. SOC Synthesis & Front-End STA Engineer (Starlink),https://boards.greenhouse.io/spacex/jobs/5800804002?gh_jid=5800804002,"Irvine, CA, United States",Full-Time
Sr. SOC Synthesis & Front-End STA Engineer (Starlink),https://boards.greenhouse.io/spacex/jobs/5800803002?gh_jid=5800803002,"Redmond, WA, United States",Full-Time
"Sr. Software Engineer, Factory Automation (Starlink)",https://boards.greenhouse.io/spacex/jobs/5776065002?gh_jid=5776065002,"Redmond, WA, United States",Full-Time
"Sr. Software Engineer, RF Test (Starlink)",https://boards.greenhouse.io/spacex/jobs/5748840002?gh_jid=5748840002,"Redmond, WA, United States",Full-Time
"Test Specialist, R&D Optical (Space Lasers)",https://boards.greenhouse.io/spacex/jobs/5596274002?gh_jid=5596274002,"Redmond, WA, United States",Full-Time
Test Specialist (Starlink) - 2nd shift,https://boards.greenhouse.io/spacex/jobs/5765551002?gh_jid=5765551002,"Redmond, WA, United States",Full-Time
Test Specialist (Starlink Vehicle Software),https://boards.greenhouse.io/spacex/jobs/5794439002?gh_jid=5794439002,"Redmond, WA, United States",Full-Time
Data Engineer (Starlink),https://boards.greenhouse.io/spacex/jobs/5784665002?gh_jid=5784665002,"Mountain View, CA, United States",Full-Time
Network Engineer (Starlink),https://boards.greenhouse.io/spacex/jobs/5706643002?gh_jid=5706643002,"Redmond, WA, United States",Full-Time
Network Operations Analyst - 3rd Shift (Starlink),https://boards.greenhouse.io/spacex/jobs/5559262002?gh_jid=5559262002,"Redmond, WA, United States",Full-Time
Network Operations Engineer (Starlink),https://boards.greenhouse.io/spacex/jobs/5528716002?gh_jid=5528716002,"Redmond, WA, United States",Full-Time
Network Test Engineer (Starlink),https://boards.greenhouse.io/spacex/jobs/5738131002?gh_jid=5738131002,"Mountain View, CA or Redmond, WA",Full-Time
Optical Network Deployment Engineer (Starlink),https://boards.greenhouse.io/spacex/jobs/5781010002?gh_jid=5781010002,"Redmond, WA, United States",Full-Time
Principal Software Engineer (Starlink),https://boards.greenhouse.io/spacex/jobs/5418305002?gh_jid=5418305002,"Mountain View, CA or Redmond, WA",Full-Time
Site Reliability Engineer,https://boards.greenhouse.io/spacex/jobs/5714335002?gh_jid=5714335002,"Redmond, WA, United States",Full-Time
"Software Engineer, C++",https://boards.greenhouse.io/spacex/jobs/5666831002?gh_jid=5666831002,"Hawthorne, CA, United States",Full-Time
Software Engineer (Starlink),https://boards.greenhouse.io/spacex/jobs/5726365002?gh_jid=5726365002,"Hawthorne, CA, United States",Full-Time
Software Engineer (Starlink),https://boards.greenhouse.io/spacex/jobs/5719777002?gh_jid=5719777002,"Mountain View, CA or Redmond, WA",Full-Time
Software Engineer (Starlink Developer Operations),https://boards.greenhouse.io/spacex/jobs/5738075002?gh_jid=5738075002,"Redmond, WA, United States",Full-Time
Software Engineer (Starlink Network),https://boards.greenhouse.io/spacex/jobs/5784360002?gh_jid=5784360002,"Mountain View, CA or Redmond, WA",Full-Time
Software Engineer (Starlink Network Engineering),https://boards.greenhouse.io/spacex/jobs/5662414002?gh_jid=5662414002,"Redmond, WA, United States",Full-Time
Software Engineer (Starlink Test),https://boards.greenhouse.io/spacex/jobs/5741573002?gh_jid=5741573002,"Hawthorne, CA, United States",Full-Time
Software Engineer (Starlink Wireless Protocol),https://boards.greenhouse.io/spacex/jobs/5604696002?gh_jid=5604696002,"Mountain View, CA or Redmond, WA",Full-Time
Software Engineer (Starlink Wireless Protocol),https://boards.greenhouse.io/spacex/jobs/5788598002?gh_jid=5788598002,"Mountain View, CA or Redmond, WA",Full-Time
"Software Engineer, Test Automation (Starlink Network)",https://boards.greenhouse.io/spacex/jobs/5752354002?gh_jid=5752354002,"Mountain View, CA or Redmond, WA",Full-Time
"Software Engineer, Test Automation (Starlink Network)",https://boards.greenhouse.io/spacex/jobs/5601811002?gh_jid=5601811002,"Mountain View, CA, United States",Full-Time
"Software Engineer, Test Automation (Starlink Wi-Fi)",https://boards.greenhouse.io/spacex/jobs/5604646002?gh_jid=5604646002,"Redmond, WA, United States",Full-Time
Space Lasers Controls and Automation Engineer,https://boards.greenhouse.io/spacex/jobs/5562715002?gh_jid=5562715002,"Redmond, WA, United States",Full-Time
Space Lasers Controls Engineer,https://boards.greenhouse.io/spacex/jobs/5560117002?gh_jid=5560117002,"Redmond, WA, United States",Full-Time
Sr. Data Engineer (Starlink),https://boards.greenhouse.io/spacex/jobs/5784724002?gh_jid=5784724002,"Mountain View, CA or Redmond, WA",Full-Time
Sr. Network Engineer (Starlink),https://boards.greenhouse.io/spacex/jobs/5398799002?gh_jid=5398799002,"Irvine, CA, Mountain View, CA, or Redmond, WA",Full-Time
"Sr. Software Engineer, IP & Routing (Starlink)",https://boards.greenhouse.io/spacex/jobs/5785093002?gh_jid=5785093002,"Mountain View, CA, United States",Full-Time
Sr. Software Engineer (Starlink),https://boards.greenhouse.io/spacex/jobs/5706326002?gh_jid=5706326002,"Mountain View, CA, United States",Full-Time
Sr. Software Engineer (Starlink Automation & Infrastructure),https://boards.greenhouse.io/spacex/jobs/5491180002?gh_jid=5491180002,"Redmond, WA, United States",Full-Time
Sr. Software Engineer (Starlink Network),https://boards.greenhouse.io/spacex/jobs/5784246002?gh_jid=5784246002,"Mountain View, CA or Redmond, WA",Full-Time
Sr. Software Engineer (Starlink Product),https://boards.greenhouse.io/spacex/jobs/5477417002?gh_jid=5477417002,"Hawthorne, CA, United States",Full-Time
Sr. Software Engineer (Starlink Topology and Routing Test Automation),https://boards.greenhouse.io/spacex/jobs/5559438002?gh_jid=5559438002,"Mountain View, CA, United States",Full-Time
Sr. Software Engineer (Starlink Wireless Protocol),https://boards.greenhouse.io/spacex/jobs/5788745002?gh_jid=5788745002,"Mountain View, CA or Redmond, WA",Full-Time
"Sr. Software Engineer, Test Automation (Starlink Wi-Fi)",https://boards.greenhouse.io/spacex/jobs/5604494002?gh_jid=5604494002,"Redmond, WA, United States",Full-Time
Automation & Controls Engineer (Starlink),https://boards.greenhouse.io/spacex/jobs/5433057002?gh_jid=5433057002,"Hawthorne, CA, United States",Full-Time
"Electrical Engineer, Build Reliability (Starlink)",https://boards.greenhouse.io/spacex/jobs/5563434002?gh_jid=5563434002,"Hawthorne, CA, United States",Full-Time
Hardware Development Engineer (Starlink Product),https://boards.greenhouse.io/spacex/jobs/5627249002?gh_jid=5627249002,"Hawthorne, CA, United States",Full-Time
Lead Starlink Engineer (Injection Molding/Die Cast),https://boards.greenhouse.io/spacex/jobs/5515443002?gh_jid=5515443002,"Hawthorne, CA, United States",Full-Time
Lead Test Engineer (Starlink),https://boards.greenhouse.io/spacex/jobs/5598583002?gh_jid=5598583002,"Hawthorne, CA, United States",Full-Time
Mechanical Design Engineer (Starlink Tooling),https://boards.greenhouse.io/spacex/jobs/5775625002?gh_jid=5775625002,"Hawthorne, CA, United States",Full-Time
Mechanical Engineer (Starlink),https://boards.greenhouse.io/spacex/jobs/5708049002?gh_jid=5708049002,"Hawthorne, CA, United States",Full-Time
Mechanical Engineer (Starlink Aviation),https://boards.greenhouse.io/spacex/jobs/5544224002?gh_jid=5544224002,"Hawthorne, CA or Redmond, WA",Full-Time
PCB Designer,https://boards.greenhouse.io/spacex/jobs/5686344002?gh_jid=5686344002,"Redmond, WA, United States",Full-Time
Production Manager (Starlink High Performance Product),https://boards.greenhouse.io/spacex/jobs/5707206002?gh_jid=5707206002,"Hawthorne, CA, United States",Full-Time
"RF Design Engineer, Wi-Fi (Starlink)",https://boards.greenhouse.io/spacex/jobs/5497554002?gh_jid=5497554002,"Hawthorne, CA, United States",Full-Time
RF Engineer (Starlink),https://boards.greenhouse.io/spacex/jobs/5447119002?gh_jid=5447119002,"Hawthorne, CA, United States",Full-Time
"Software Engineer, Test (Starlink)",https://boards.greenhouse.io/spacex/jobs/5647876002?gh_jid=5647876002,"Hawthorne, CA, United States",Full-Time
Sr. Automation & Controls Engineer (Starlink),https://boards.greenhouse.io/spacex/jobs/5678436002?gh_jid=5678436002,"Hawthorne, CA, United States",Full-Time
Sr. Hardware Development Engineer (Starlink Product),https://boards.greenhouse.io/spacex/jobs/5401093002?gh_jid=5401093002,"Hawthorne, CA, United States",Full-Time
Sr. Starlink Product Compliance Engineer,https://boards.greenhouse.io/spacex/jobs/5395192002?gh_jid=5395192002,"Hawthorne, CA, United States",Full-Time
Starlink Development Engineer,https://boards.greenhouse.io/spacex/jobs/5660041002?gh_jid=5660041002,"Hawthorne, CA, United States",Full-Time
Starlink Engineer (SMT),https://boards.greenhouse.io/spacex/jobs/5490258002?gh_jid=5490258002,"Hawthorne, CA, United States",Full-Time
Starlink Product Compliance Engineer,https://boards.greenhouse.io/spacex/jobs/5395093002?gh_jid=5395093002,"Hawthorne, CA, United States",Full-Time
Test Engineer (Starlink),https://boards.greenhouse.io/spacex/jobs/5598666002?gh_jid=5598666002,"Hawthorne, CA, United States",Full-Time
Thermal Engineer (Starlink Product),https://boards.greenhouse.io/spacex/jobs/5618710002?gh_jid=5618710002,"Hawthorne, CA, United States",Full-Time
Automation & Controls Designer (Starship),https://boards.greenhouse.io/spacex/jobs/5694610002?gh_jid=5694610002,"Brownsville, TX, United States",Full-Time
Automation & Controls Engineer (Thermal Protection Systems),https://boards.greenhouse.io/spacex/jobs/5794722002?gh_jid=5794722002,"Cape Canaveral, FL, United States",Full-Time
"Build Engineer, Integration and Catch Tower (Starship)",https://boards.greenhouse.io/spacex/jobs/5670643002?gh_jid=5670643002,"Brownsville, TX, United States",Full-Time
"Build Engineer, Integration (Starship)",https://boards.greenhouse.io/spacex/jobs/5680828002?gh_jid=5680828002,"Brownsville, TX, United States",Full-Time
"Build Engineer, Integration (Starship)",https://boards.greenhouse.io/spacex/jobs/5557737002?gh_jid=5557737002,"Brownsville, TX, United States",Full-Time
Build Engineer (Starship Orbital Launch),https://boards.greenhouse.io/spacex/jobs/5751286002?gh_jid=5751286002,"Brownsville, TX, United States",Full-Time
Fluids Engineer (Starship Launch Systems),https://boards.greenhouse.io/spacex/jobs/5443020002?gh_jid=5443020002,"Brownsville, TX, United States",Full-Time
High Power Electrical Engineer,https://boards.greenhouse.io/spacex/jobs/5656988002?gh_jid=5656988002,"Brownsville, TX, United States",Full-Time
Hydraulics Engineer,https://boards.greenhouse.io/spacex/jobs/5709980002?gh_jid=5709980002,"Brownsville, TX, United States",Full-Time
Launch Operations and Software Engineer,https://boards.greenhouse.io/spacex/jobs/5543992002?gh_jid=5543992002,"Brownsville, TX, United States",Full-Time
Launch Operations Engineer (Starship),https://boards.greenhouse.io/spacex/jobs/5652613002?gh_jid=5652613002,"Brownsville, TX, United States",Full-Time
Life Support Systems Engineer (Crew Starship),https://boards.greenhouse.io/spacex/jobs/5769666002?gh_jid=5769666002,"Brownsville, TX or Hawthorne, CA",Full-Time
"Mechanical Engineer (Site Development, HVAC, and MEP)",https://boards.greenhouse.io/spacex/jobs/5750278002?gh_jid=5750278002,"Brownsville, TX, United States",Full-Time
Mechanical Engineer (Starship),https://boards.greenhouse.io/spacex/jobs/5745443002?gh_jid=5745443002,"Brownsville, TX or Hawthorne, CA",Full-Time
Mechanical Engineer (Starship Launch Pad),https://boards.greenhouse.io/spacex/jobs/5703693002?gh_jid=5703693002,"Brownsville, TX, United States",Full-Time
"Mechanical Engineer, Super Heavy Booster (Starship)",https://boards.greenhouse.io/spacex/jobs/5694768002?gh_jid=5694768002,"Brownsville, TX or Hawthorne, CA",Full-Time
Operations Analyst (Starship),https://boards.greenhouse.io/spacex/jobs/5769344002?gh_jid=5769344002,"Brownsville, TX, United States",Full-Time
Operations Engineer (Launch Pad and Recovery),https://boards.greenhouse.io/spacex/jobs/5563372002?gh_jid=5563372002,"Brownsville, TX, United States",Full-Time
Pressure Vessel Engineer (Starship Launch Systems),https://boards.greenhouse.io/spacex/jobs/5557446002?gh_jid=5557446002,"Brownsville, TX, United States",Full-Time
Process Operator Specialist,https://boards.greenhouse.io/spacex/jobs/5747436002?gh_jid=5747436002,"Brownsville, TX, United States",Full-Time
Production Operations Engineer,https://boards.greenhouse.io/spacex/jobs/5720155002?gh_jid=5720155002,"Brownsville, TX, United States",Full-Time
"Project Engineer, Construction",https://boards.greenhouse.io/spacex/jobs/5787595002?gh_jid=5787595002,"Brownsville, TX, United States",Full-Time
Propulsion System Build Engineer,https://boards.greenhouse.io/spacex/jobs/5443586002?gh_jid=5443586002,"Brownsville, TX or Hawthorne, CA",Full-Time
Propulsion Systems Build Engineer (Starship),https://boards.greenhouse.io/spacex/jobs/5745454002?gh_jid=5745454002,"Brownsville, TX, United States",Full-Time
Propulsion Systems Engineer (Starship),https://boards.greenhouse.io/spacex/jobs/5405796002?gh_jid=5405796002,"Brownsville, TX or Hawthorne, CA",Full-Time
Range Engineer (Starship),https://boards.greenhouse.io/spacex/jobs/5692760002?gh_jid=5692760002,"Brownsville, TX, United States",Full-Time
Software Engineer (Starship),https://boards.greenhouse.io/spacex/jobs/5386404002?gh_jid=5386404002,"Hawthorne, CA, United States",Full-Time
"Sr. Automation & Controls Engineer, DCS (Starship)",https://boards.greenhouse.io/spacex/jobs/5762522002?gh_jid=5762522002,"Brownsville, TX, United States",Full-Time
Sr. Build Reliability Engineer (Starship),https://boards.greenhouse.io/spacex/jobs/5772145002?gh_jid=5772145002,"Brownsville, TX, United States",Full-Time
Sr. Mechanical Engineer (Starship),https://boards.greenhouse.io/spacex/jobs/5772315002?gh_jid=5772315002,"Brownsville, TX or Hawthorne, CA",Full-Time
Sr. Mechanical Engineer (Starship Tooling),https://boards.greenhouse.io/spacex/jobs/5366149002?gh_jid=5366149002,"Brownsville, TX, United States",Full-Time
Sr. Operations Engineer (Starship),https://boards.greenhouse.io/spacex/jobs/5792242002?gh_jid=5792242002,"Brownsville, TX, United States",Full-Time
"Sr. Resource Generation Engineer, Launch Systems (Starship)",https://boards.greenhouse.io/spacex/jobs/5792147002?gh_jid=5792147002,"Brownsville, TX, United States",Full-Time
Starship Vehicle Lead,https://boards.greenhouse.io/spacex/jobs/5618816002?gh_jid=5618816002,"Brownsville, TX, United States",Full-Time
Teamcenter System Administrator,https://boards.greenhouse.io/spacex/jobs/5741913002?gh_jid=5741913002,"Hawthorne, CA, United States",Full-Time
"Test Development Engineer, Equipment (Starship)",https://boards.greenhouse.io/spacex/jobs/5741215002?gh_jid=5741215002,"Brownsville, TX, United States",Full-Time
Tooling Build Engineer (Starship Engineering),https://boards.greenhouse.io/spacex/jobs/5366193002?gh_jid=5366193002,"Brownsville, TX, United States",Full-Time
"Build Specialist, Tooling (Starship)",https://boards.greenhouse.io/spacex/jobs/5555641002?gh_jid=5555641002,"Brownsville, TX, United States",Full-Time
CNC Machinist (Starship/Raptor),https://boards.greenhouse.io/spacex/jobs/5593162002?gh_jid=5593162002,"Hawthorne, CA, United States",Full-Time
Corrosion Control Technician,https://boards.greenhouse.io/spacex/jobs/5447044002?gh_jid=5447044002,"Brownsville, TX, United States",Full-Time
Instrumentation Fitter,https://boards.greenhouse.io/spacex/jobs/5577895002?gh_jid=5577895002,"Brownsville, TX, United States",Full-Time
Instrumentation Technician,https://boards.greenhouse.io/spacex/jobs/5589484002?gh_jid=5589484002,"Brownsville, TX, United States",Full-Time
Inventory Specialist (Starship),https://boards.greenhouse.io/spacex/jobs/5486056002?gh_jid=5486056002,"Hawthorne, CA, United States",Full-Time
Laser Tracker Toolmaker,https://boards.greenhouse.io/spacex/jobs/5587843002?gh_jid=5587843002,"Brownsville, TX, United States",Full-Time
Launch Pad Technician,https://boards.greenhouse.io/spacex/jobs/5374470002?gh_jid=5374470002,"Brownsville, TX, United States",Full-Time
Machinist,https://boards.greenhouse.io/spacex/jobs/5563310002?gh_jid=5563310002,"Brownsville, TX, United States",Full-Time
Material Handler (Starship),https://boards.greenhouse.io/spacex/jobs/5486108002?gh_jid=5486108002,"Hawthorne, CA, United States",Full-Time
Production Coordinator - Temporary,https://boards.greenhouse.io/spacex/jobs/5589303002?gh_jid=5589303002,"Brownsville, TX, United States",Temporary
Prototype CNC Machinist (Starship/Raptor),https://boards.greenhouse.io/spacex/jobs/5585074002?gh_jid=5585074002,"Hawthorne, CA, United States",Full-Time
Rigger (Starship) - Temporary,https://boards.greenhouse.io/spacex/jobs/5809162002?gh_jid=5809162002,"Brownsville, TX, United States",Temporary
Self-Propelled Modular Transporter (SPMT) Operator - Temporary,https://boards.greenhouse.io/spacex/jobs/5809262002?gh_jid=5809262002,"Brownsville, TX, United States",Temporary
Structural Fitter - Temporary,https://boards.greenhouse.io/spacex/jobs/5576856002?gh_jid=5576856002,"Brownsville, TX, United States",Temporary
Structures Technician (Starship),https://boards.greenhouse.io/spacex/jobs/5588893002?gh_jid=5588893002,"Hawthorne, CA, United States",Full-Time
"Supervisor, High Power Electrical",https://boards.greenhouse.io/spacex/jobs/5533732002?gh_jid=5533732002,"Brownsville, TX, United States",Full-Time
"Supervisor, Welding",https://boards.greenhouse.io/spacex/jobs/5746896002?gh_jid=5746896002,"Brownsville, TX, United States",Full-Time
"Supervisor, Welding",https://boards.greenhouse.io/spacex/jobs/5533726002?gh_jid=5533726002,"Brownsville, TX, United States",Full-Time
"Supervisor, Welding (Night Shift)",https://boards.greenhouse.io/spacex/jobs/5595085002?gh_jid=5595085002,"Brownsville, TX, United States",Full-Time
Support Technician (Starship) - Temporary,https://boards.greenhouse.io/spacex/jobs/5806626002?gh_jid=5806626002,"Brownsville, TX, United States",Temporary
Telecommunications Technician,https://boards.greenhouse.io/spacex/jobs/5496369002?gh_jid=5496369002,"Brownsville, TX, United States",Full-Time
Toolmaker,https://boards.greenhouse.io/spacex/jobs/5445662002?gh_jid=5445662002,"Brownsville, TX, United States",Full-Time
CMM Source Inspector - Remote (Bay Area),https://boards.greenhouse.io/spacex/jobs/5598949002?gh_jid=5598949002,"Remote - San Francisco, CA",Full-Time
"Global Supply Manager, Connectors and Cables",https://boards.greenhouse.io/spacex/jobs/5398871002?gh_jid=5398871002,"Hawthorne, CA, United States",Full-Time
"Global Supply Manager, Electronics",https://boards.greenhouse.io/spacex/jobs/5452869002?gh_jid=5452869002,"Hawthorne, CA, United States",Full-Time
"Global Supply Manager, Electronics",https://boards.greenhouse.io/spacex/jobs/5162318002?gh_jid=5162318002,"Hawthorne, CA, United States",Full-Time
"Global Supply Manager, Electronics (Starlink)",https://boards.greenhouse.io/spacex/jobs/5806413002?gh_jid=5806413002,"Redmond, WA, United States",Full-Time
"Global Supply Manager, Harnesses and Connectors (Launch Vehicles)",https://boards.greenhouse.io/spacex/jobs/5531028002?gh_jid=5531028002,"Hawthorne, CA, United States",Full-Time
"Global Supply Manager, Printed Circuit Boards (PCB)",https://boards.greenhouse.io/spacex/jobs/5398881002?gh_jid=5398881002,"Hawthorne, CA, United States",Full-Time
Internal Fleet Driver,https://boards.greenhouse.io/spacex/jobs/5617597002?gh_jid=5617597002,"Hawthorne, CA, United States",Full-Time
Inventory Specialist,https://boards.greenhouse.io/spacex/jobs/5480739002?gh_jid=5480739002,"Hawthorne, CA, United States",Full-Time
Inventory Specialist - 2nd shift,https://boards.greenhouse.io/spacex/jobs/5787173002?gh_jid=5787173002,"Cape Canaveral, FL, United States",Full-Time
Inventory Specialist (Starlink),https://boards.greenhouse.io/spacex/jobs/5706247002?gh_jid=5706247002,"Hawthorne, CA, United States",Full-Time
Inventory Specialist (Starship) - Temporary,https://boards.greenhouse.io/spacex/jobs/5591499002?gh_jid=5591499002,"Brownsville, TX, United States",Temporary
Inventory Specialist - Temporary,https://boards.greenhouse.io/spacex/jobs/5547662002?gh_jid=5547662002,"Hawthorne, CA, United States",Temporary
Inventory Specialist - Weekend Day,https://boards.greenhouse.io/spacex/jobs/5522536002?gh_jid=5522536002,"Redmond, WA, United States",Full-Time
"Lead Supply Chain Engineer, Avionics",https://boards.greenhouse.io/spacex/jobs/5623797002?gh_jid=5623797002,"Hawthorne, CA, United States",Full-Time
"Manager, Delivery Systems",https://boards.greenhouse.io/spacex/jobs/5766524002?gh_jid=5766524002,"Hawthorne, CA, United States",Full-Time
"Manager, Logistics",https://boards.greenhouse.io/spacex/jobs/5591617002?gh_jid=5591617002,"Hawthorne, CA, United States",Full-Time
"Manager, Starlink Customer Support",https://boards.greenhouse.io/spacex/jobs/5587836002?gh_jid=5587836002,"Hawthorne, CA, United States",Full-Time
Material Handler (Delivery Systems),https://boards.greenhouse.io/spacex/jobs/5490747002?gh_jid=5490747002,"Hawthorne, CA, United States",Full-Time
Material Handler (Starlink),https://boards.greenhouse.io/spacex/jobs/5723302002?gh_jid=5723302002,"Hawthorne, CA, United States",Full-Time
Material Transfer Driver,https://boards.greenhouse.io/spacex/jobs/5532167002?gh_jid=5532167002,"Hawthorne, CA, United States",Full-Time
"NPI Engineer, Electrical Systems (Starlink)",https://boards.greenhouse.io/spacex/jobs/5767951002?gh_jid=5767951002,"Hawthorne, CA, United States",Full-Time
"NPI Engineer, Mechanical Systems (Starlink)",https://boards.greenhouse.io/spacex/jobs/5767915002?gh_jid=5767915002,"Hawthorne, CA, United States",Full-Time
"Process Engineer, Plastic Injection Molding Supply Chain (Starlink)",https://boards.greenhouse.io/spacex/jobs/5476332002?gh_jid=5476332002,"Hawthorne, CA, United States",Full-Time
Production Coordinator,https://boards.greenhouse.io/spacex/jobs/5804956002?gh_jid=5804956002,"Cape Canaveral, FL, United States",Full-Time
Production Coordinator - 2nd Shift,https://boards.greenhouse.io/spacex/jobs/5804975002?gh_jid=5804975002,"Cape Canaveral, FL, United States",Full-Time
Receiving Clerk (Delivery System),https://boards.greenhouse.io/spacex/jobs/5810113002?gh_jid=5810113002,"Hawthorne, CA, United States",Full-Time
Receiving Specialist (Starlink),https://boards.greenhouse.io/spacex/jobs/5805494002?gh_jid=5805494002,"Redmond, WA, United States",Full-Time
Receiving Specialist (Starlink),https://boards.greenhouse.io/spacex/jobs/5723139002?gh_jid=5723139002,"Hawthorne, CA, United States",Full-Time
Receiving Specialist (Starlink) - 2nd Shift,https://boards.greenhouse.io/spacex/jobs/5805508002?gh_jid=5805508002,"Redmond, WA, United States",Full-Time
Semiconductor Packaging and Assembly Equipment Engineer (Starlink),https://boards.greenhouse.io/spacex/jobs/5793056002?gh_jid=5793056002,"Hawthorne, CA, United States",Full-Time
"Shipping Specialist, Logistics",https://boards.greenhouse.io/spacex/jobs/5751298002?gh_jid=5751298002,"Hawthorne, CA, United States",Full-Time
"Sourcing Manager, Capital Expenditure (Starlink)",https://boards.greenhouse.io/spacex/jobs/5785839002?gh_jid=5785839002,"Hawthorne, CA, United States",Full-Time
"Sourcing Manager, Electronics",https://boards.greenhouse.io/spacex/jobs/5618155002?gh_jid=5618155002,"Hawthorne, CA, United States",Full-Time
Sourcing Manager (Falcon),https://boards.greenhouse.io/spacex/jobs/5402695002?gh_jid=5402695002,"Hawthorne, CA, United States",Full-Time
Sourcing Manager (Starlink),https://boards.greenhouse.io/spacex/jobs/5563851002?gh_jid=5563851002,"Redmond, WA, United States",Full-Time
Sourcing Manager (Starlink Product),https://boards.greenhouse.io/spacex/jobs/5781711002?gh_jid=5781711002,"Redmond, WA, United States",Full-Time
Sourcing Manager (Valves and Actuators),https://boards.greenhouse.io/spacex/jobs/5655074002?gh_jid=5655074002,"Hawthorne, CA, United States",Full-Time
"Sourcing Manger, Indirect Purchasing (Starlink)",https://boards.greenhouse.io/spacex/jobs/5574275002?gh_jid=5574275002,"Redmond, WA, United States",Full-Time
Sourcing Specialist (Avionics),https://boards.greenhouse.io/spacex/jobs/5563231002?gh_jid=5563231002,"Hawthorne, CA, United States",Full-Time
"Sourcing Specialist, Connectors and Cables (Starlink)",https://boards.greenhouse.io/spacex/jobs/5702666002?gh_jid=5702666002,"Hawthorne, CA, United States",Full-Time
"Sourcing Specialist, Electronics",https://boards.greenhouse.io/spacex/jobs/5430514002?gh_jid=5430514002,"Hawthorne, CA, United States",Full-Time
Sourcing Specialist (Starlink),https://boards.greenhouse.io/spacex/jobs/5785588002?gh_jid=5785588002,"Hawthorne, CA, United States",Full-Time
Sourcing Specialist (Starship),https://boards.greenhouse.io/spacex/jobs/5383601002?gh_jid=5383601002,"Hawthorne, CA, United States",Full-Time
"Sr. Analyst, Sales and Operations Planning (Starlink Product)",https://boards.greenhouse.io/spacex/jobs/5555582002?gh_jid=5555582002,"Hawthorne, CA, United States",Full-Time
"Sr. Manager, Materials Management",https://boards.greenhouse.io/spacex/jobs/5766548002?gh_jid=5766548002,"Hawthorne, CA, United States",Full-Time
"Sr. Manufacturing Engineer, PCBA and Surface Mount Technology",https://boards.greenhouse.io/spacex/jobs/5569769002?gh_jid=5569769002,"Hawthorne, CA, United States",Full-Time
"Sr. Manufacturing Engineer, Sensors and Transducers",https://boards.greenhouse.io/spacex/jobs/5571511002?gh_jid=5571511002,"Hawthorne, CA, United States",Full-Time
"Sr. Sourcing Specialist, Aero Terminal (Starlink)",https://boards.greenhouse.io/spacex/jobs/5792582002?gh_jid=5792582002,"Hawthorne, CA, United States",Full-Time
Sr. Sourcing Specialist (Avionics),https://boards.greenhouse.io/spacex/jobs/5563217002?gh_jid=5563217002,"Hawthorne, CA, United States",Full-Time
"Sr. Sourcing Specialist, Electronics (Starlink)",https://boards.greenhouse.io/spacex/jobs/5781704002?gh_jid=5781704002,"Hawthorne, CA, United States",Full-Time
"Sr. Sourcing Specialist, Harnessing & Connectors (Starlink)",https://boards.greenhouse.io/spacex/jobs/5450314002?gh_jid=5450314002,"Redmond, WA, United States",Full-Time
"Sr. Sourcing Specialist, Indirect Purchasing (Starlink)",https://boards.greenhouse.io/spacex/jobs/5535068002?gh_jid=5535068002,"Redmond, WA, United States",Full-Time
"Sr. Sourcing Specialist, PCBA (Starlink)",https://boards.greenhouse.io/spacex/jobs/5450311002?gh_jid=5450311002,"Redmond, WA, United States",Full-Time
Sr. Sourcing Specialist (Starship),https://boards.greenhouse.io/spacex/jobs/5383621002?gh_jid=5383621002,"Hawthorne, CA, United States",Full-Time
Sr. Sourcing Specialist (Starship),https://boards.greenhouse.io/spacex/jobs/5655280002?gh_jid=5655280002,"Hawthorne, CA, United States",Full-Time
"Sr. Supply Chain Engineer, Surface Mount Technology",https://boards.greenhouse.io/spacex/jobs/5522580002?gh_jid=5522580002,"Hawthorne, CA, United States",Full-Time
Sr. Supply Chain Planner (Avionics),https://boards.greenhouse.io/spacex/jobs/5563223002?gh_jid=5563223002,"Hawthorne, CA, United States",Full-Time
Sr. Supply Chain Planner (Dragon Spacecraft),https://boards.greenhouse.io/spacex/jobs/5601472002?gh_jid=5601472002,"Hawthorne, CA, United States",Full-Time
Sr. Supply Chain Planner (Launch Vehicle),https://boards.greenhouse.io/spacex/jobs/5505664002?gh_jid=5505664002,"Hawthorne, CA, United States",Full-Time
Sr. Supply Chain Planner (Starlink),https://boards.greenhouse.io/spacex/jobs/5537465002?gh_jid=5537465002,"Redmond, WA, United States",Full-Time
Sr. Supply Chain Planner (Starlink Product),https://boards.greenhouse.io/spacex/jobs/5587970002?gh_jid=5587970002,"Hawthorne, CA, United States",Full-Time
"Supervisor, Customer Support (Starlink)",https://boards.greenhouse.io/spacex/jobs/5368771002?gh_jid=5368771002,"Hawthorne, CA, United States",Full-Time
"Supervisor, Materials Management",https://boards.greenhouse.io/spacex/jobs/5702911002?gh_jid=5702911002,"Cape Canaveral, FL, United States",Full-Time
"Supervisor, Materials Management (Starlink) - Weekend Day",https://boards.greenhouse.io/spacex/jobs/5634097002?gh_jid=5634097002,"Hawthorne, CA, United States",Full-Time
"Supervisor, Starlink Customer Support",https://boards.greenhouse.io/spacex/jobs/5227543002?gh_jid=5227543002,"Redmond, WA, United States",Full-Time
"Supervisor, Supply Chain Quality Assurance (Starlink)",https://boards.greenhouse.io/spacex/jobs/5767905002?gh_jid=5767905002,"Hawthorne, CA, United States",Full-Time
"Supplier Development Engineer, Electronics (Starlink Product)",https://boards.greenhouse.io/spacex/jobs/5317513002?gh_jid=5317513002,"Hawthorne, CA, United States",Full-Time
Supply Chain Planner (Dragon Spacecraft),https://boards.greenhouse.io/spacex/jobs/5218057002?gh_jid=5218057002,"Hawthorne, CA, United States",Full-Time
Supply Chain Planning Manager (Starlink),https://boards.greenhouse.io/spacex/jobs/5785767002?gh_jid=5785767002,"Hawthorne, CA, United States",Full-Time
"Supply Chain Reliability Engineer, Avionics",https://boards.greenhouse.io/spacex/jobs/5647818002?gh_jid=5647818002,"Hawthorne, CA, United States",Full-Time
Supply Chain Reliability Engineer (Central Quality Engineering),https://boards.greenhouse.io/spacex/jobs/5647778002?gh_jid=5647778002,"Hawthorne, CA, United States",Full-Time
Supply Chain Systems Analyst (Delivery Systems),https://boards.greenhouse.io/spacex/jobs/5392831002?gh_jid=5392831002,"Hawthorne, CA, United States",Full-Time
Supply Chain Systems Analyst (Launch Materials Management),https://boards.greenhouse.io/spacex/jobs/5576373002?gh_jid=5576373002,"Cape Canaveral, FL, United States",Full-Time
Warehouse Associate,https://boards.greenhouse.io/spacex/jobs/5771670002?gh_jid=5771670002,"Redmond, WA, United States",Full-Time
Warehouse Associate (Starlink),https://boards.greenhouse.io/spacex/jobs/5730893002?gh_jid=5730893002,"Hawthorne, CA, United States",Full-Time
Civil/Structural Engineer,https://boards.greenhouse.io/spacex/jobs/5777443002?gh_jid=5777443002,"McGregor, TX, United States",Full-Time
Test Operations Engineer (Falcon Propulsion Test),https://boards.greenhouse.io/spacex/jobs/5806244002?gh_jid=5806244002,"McGregor, TX, United States",Full-Time
Aerodynamics Engineer,https://boards.greenhouse.io/spacex/jobs/5810294002?gh_jid=5810294002,"Hawthorne, CA, United States",Full-Time
Dragon Mechanical Engineer,https://boards.greenhouse.io/spacex/jobs/5497697002?gh_jid=5497697002,"Hawthorne, CA, United States",Full-Time
Dynamics Engineer,https://boards.greenhouse.io/spacex/jobs/5697498002?gh_jid=5697498002,"Hawthorne, CA, United States",Full-Time
Executive Assistant,https://boards.greenhouse.io/spacex/jobs/5687759002?gh_jid=5687759002,"Brownsville, TX or Hawthorne, CA",Full-Time
Falcon Mechanical Engineer,https://boards.greenhouse.io/spacex/jobs/5659158002?gh_jid=5659158002,"Hawthorne, CA, United States",Full-Time
Merlin Turbomachinery Engineer,https://boards.greenhouse.io/spacex/jobs/5576788002?gh_jid=5576788002,"Hawthorne, CA, United States",Full-Time
Propulsion Engineer (Thermal & Fluid Analysis),https://boards.greenhouse.io/spacex/jobs/5619535002?gh_jid=5619535002,"Hawthorne, CA, United States",Full-Time
Space Suit Patternmaker,https://boards.greenhouse.io/spacex/jobs/5606215002?gh_jid=5606215002,"Hawthorne, CA, United States",Full-Time
Space Suit Sewer,https://boards.greenhouse.io/spacex/jobs/5595305002?gh_jid=5595305002,"Hawthorne, CA, United States",Full-Time
Thermal Engineer (Thermal Analysis),https://boards.greenhouse.io/spacex/jobs/5735327002?gh_jid=5735327002,"Hawthorne, CA, United States",Full-Time
Vehicle Systems Analyst (Starlink),https://boards.greenhouse.io/spacex/jobs/5599665002?gh_jid=5599665002,"Redmond, WA, United States",Full-Time
Multibody Dynamics Engineer,https://boards.greenhouse.io/spacex/jobs/5305440002?gh_jid=5305440002,"Hawthorne, CA, United States",Full-Time
Thermal Engineer (Thermal Analysis),https://boards.greenhouse.io/spacex/jobs/5363779002?gh_jid=5363779002,"Redmond, WA, United States",Full-Time
